-- phpMyAdmin SQL Dump
-- version 5.0.2
-- https://www.phpmyadmin.net/
--
-- Host: 127.0.0.1
-- Tempo de geração: 31-Ago-2020 às 00:02
-- Versão do servidor: 10.4.14-MariaDB
-- versão do PHP: 7.2.33

SET SQL_MODE = "NO_AUTO_VALUE_ON_ZERO";
START TRANSACTION;
SET time_zone = "+00:00";


/*!40101 SET @OLD_CHARACTER_SET_CLIENT=@@CHARACTER_SET_CLIENT */;
/*!40101 SET @OLD_CHARACTER_SET_RESULTS=@@CHARACTER_SET_RESULTS */;
/*!40101 SET @OLD_COLLATION_CONNECTION=@@COLLATION_CONNECTION */;
/*!40101 SET NAMES utf8mb4 */;

--
-- Banco de dados: `curso_spring`
--

-- --------------------------------------------------------

--
-- Estrutura da tabela `categoria`
--
DROP TABLE IF EXISTS `categoria`;
CREATE  TABLE `categoria` (
  `id` int(11) NOT NULL,
  `nome` varchar(255) DEFAULT NULL
) ENGINE=InnoDB DEFAULT CHARSET=utf8mb4;

--
-- Extraindo dados da tabela `categoria`
--

INSERT INTO `categoria` (`id`, `nome`) VALUES
(1, 'Informática'),
(2, 'Escritório'),
(3, 'Cama mesa e banho'),
(4, 'Eletrônicos'),
(5, 'Jardinagem'),
(6, 'Decoração'),
(7, 'Perfumaria');

-- --------------------------------------------------------

--
-- Estrutura da tabela `cidade`
--
DROP TABLE IF EXISTS `cidade`;
CREATE  TABLE `cidade` (
  `id` int(11) NOT NULL,
  `nome` varchar(255) DEFAULT NULL,
  `estado_id` int(11) DEFAULT NULL
) ENGINE=InnoDB DEFAULT CHARSET=utf8mb4;

--
-- Extraindo dados da tabela `cidade`
--

INSERT INTO `cidade` (`id`, `nome`, `estado_id`) VALUES
(1, 'Uberlândia', 1),
(2, 'São Paulo', 2),
(3, 'Campinas', 2);

-- --------------------------------------------------------

--
-- Estrutura da tabela `cliente`
--
DROP TABLE IF EXISTS `cliente`;
CREATE  TABLE `cliente` (
  `id` int(11) NOT NULL,
  `cpf_ou_cnpj` varchar(255) DEFAULT NULL,
  `email` varchar(150) DEFAULT NULL,
  `nome` varchar(255) DEFAULT NULL,
  `senha` varchar(255) DEFAULT NULL,
  `tipo` int(11) DEFAULT NULL
) ENGINE=InnoDB DEFAULT CHARSET=utf8mb4;

--
-- Extraindo dados da tabela `cliente`
--

INSERT INTO `cliente` (`id`, `cpf_ou_cnpj`, `email`, `nome`, `senha`, `tipo`) VALUES
(1, '36378912377', 'dlzsoluction.cursos@gmail.com', 'Maria Silva', '$2a$10$8jYUNP8c6IyNgUHWlF700uOKSHM75PCX9eikHyDpHP8n9ny0CmOR.', 1),
(2, '36378912322', 'ana.costa@gmail.com', 'Ana Costa', '$2a$10$n9nFWGJwlNWLpkNdGY8ww.Qf0bC0BePMF4pa4h6AVIt5xCqvnp7jG', 1);

-- --------------------------------------------------------

--
-- Estrutura da tabela `endereco`
--
DROP TABLE IF EXISTS `endereco`;
CREATE  TABLE `endereco` (
  `id` int(11) NOT NULL,
  `bairro` varchar(255) DEFAULT NULL,
  `cep` varchar(255) DEFAULT NULL,
  `complemento` varchar(255) DEFAULT NULL,
  `logradouro` varchar(255) DEFAULT NULL,
  `numero` varchar(255) DEFAULT NULL,
  `cidade_id` int(11) DEFAULT NULL,
  `cliente_id` int(11) DEFAULT NULL
) ENGINE=InnoDB DEFAULT CHARSET=utf8mb4;

--
-- Extraindo dados da tabela `endereco`
--

INSERT INTO `endereco` (`id`, `bairro`, `cep`, `complemento`, `logradouro`, `numero`, `cidade_id`, `cliente_id`) VALUES
(1, 'Jardim', '38220834', 'Apto 303', 'Rua Flores', '300', 1, 1),
(2, 'Centro', '38777012', 'Sala 800', 'Avenida Matos', '105', 2, 1),
(3, 'Centro', '281777012', NULL, 'Avenida Floriano', '2106', 2, 2);

-- --------------------------------------------------------

--
-- Estrutura da tabela `estado`
--
DROP TABLE IF EXISTS `estado`;
CREATE  TABLE `estado` (
  `id` int(11) NOT NULL,
  `nome` varchar(255) DEFAULT NULL
) ENGINE=InnoDB DEFAULT CHARSET=utf8mb4;

--
-- Extraindo dados da tabela `estado`
--

INSERT INTO `estado` (`id`, `nome`) VALUES
(1, 'Minas Gerais'),
(2, 'São Paulo');

-- --------------------------------------------------------

--
-- Estrutura da tabela `item_pedido`
--
DROP TABLE IF EXISTS `item_pedido`;
CREATE  TABLE `item_pedido` (
  `desconto` double DEFAULT NULL,
  `preco` double DEFAULT NULL,
  `quantidade` int(11) DEFAULT NULL,
  `pedido_id` int(11) NOT NULL,
  `produto_id` int(11) NOT NULL
) ENGINE=InnoDB DEFAULT CHARSET=utf8mb4;

--
-- Extraindo dados da tabela `item_pedido`
--

INSERT INTO `item_pedido` (`desconto`, `preco`, `quantidade`, `pedido_id`, `produto_id`) VALUES
(0, 2000, 1, 1, 1),
(0, 80, 2, 1, 3),
(100, 800, 1, 2, 2);

-- --------------------------------------------------------

--
-- Estrutura da tabela `pagamento`
--
DROP TABLE IF EXISTS `pagamento`;
CREATE  TABLE `pagamento` (
  `pedido_id` int(11) NOT NULL,
  `estado` int(11) DEFAULT NULL
) ENGINE=InnoDB DEFAULT CHARSET=utf8mb4;

--
-- Extraindo dados da tabela `pagamento`
--

INSERT INTO `pagamento` (`pedido_id`, `estado`) VALUES
(1, 2),
(2, 1);

-- --------------------------------------------------------

--
-- Estrutura da tabela `pagamento_com_boleto`
--
DROP TABLE IF EXISTS `pagamento_com_boleto`;
CREATE  TABLE `pagamento_com_boleto` (
  `data_pagamento` datetime DEFAULT NULL,
  `data_vencimento` datetime DEFAULT NULL,
  `pedido_id` int(11) NOT NULL
) ENGINE=InnoDB DEFAULT CHARSET=utf8mb4;

--
-- Extraindo dados da tabela `pagamento_com_boleto`
--

INSERT INTO `pagamento_com_boleto` (`data_pagamento`, `data_vencimento`, `pedido_id`) VALUES
(NULL, '2017-10-20 02:00:00', 2);

-- --------------------------------------------------------

--
-- Estrutura da tabela `pagamento_com_cartao`
--
DROP TABLE IF EXISTS `pagamento_com_cartao`;
CREATE  TABLE `pagamento_com_cartao` (
  `numero_de_parcelas` int(11) DEFAULT NULL,
  `pedido_id` int(11) NOT NULL
) ENGINE=InnoDB DEFAULT CHARSET=utf8mb4;

--
-- Extraindo dados da tabela `pagamento_com_cartao`
--

INSERT INTO `pagamento_com_cartao` (`numero_de_parcelas`, `pedido_id`) VALUES
(6, 1);

-- --------------------------------------------------------

--
-- Estrutura da tabela `pedido`
--
DROP TABLE IF EXISTS `pedido`;
CREATE  TABLE `pedido` (
  `id` int(11) NOT NULL,
  `instante` datetime DEFAULT NULL,
  `cliente_id` int(11) DEFAULT NULL,
  `endereco_de_entrega_id` int(11) DEFAULT NULL
) ENGINE=InnoDB DEFAULT CHARSET=utf8mb4;

--
-- Extraindo dados da tabela `pedido`
--

INSERT INTO `pedido` (`id`, `instante`, `cliente_id`, `endereco_de_entrega_id`) VALUES
(1, '2017-09-30 13:32:00', 1, 1),
(2, '2017-10-10 22:35:00', 1, 2);

-- --------------------------------------------------------

--
-- Estrutura da tabela `perfis`
--
DROP TABLE IF EXISTS `perfis`;
CREATE  TABLE `perfis` (
  `cliente_id` int(11) NOT NULL,
  `perfis` int(11) DEFAULT NULL
) ENGINE=InnoDB DEFAULT CHARSET=utf8mb4;

--
-- Extraindo dados da tabela `perfis`
--

INSERT INTO `perfis` (`cliente_id`, `perfis`) VALUES
(1, 1),
(1, 2),
(2, 2);

-- --------------------------------------------------------

--
-- Estrutura da tabela `produto`
--
DROP TABLE IF EXISTS `produto`;
CREATE  TABLE `produto` (
  `id` int(11) NOT NULL,
  `nome` varchar(255) DEFAULT NULL,
  `preco` double DEFAULT NULL
) ENGINE=InnoDB DEFAULT CHARSET=utf8mb4;

--
-- Extraindo dados da tabela `produto`
--

INSERT INTO `produto` (`id`, `nome`, `preco`) VALUES
(1, 'Computador', 2000),
(2, 'Impressora', 800),
(3, 'Mouse', 80),
(4, 'Mesa de escritório', 300),
(5, 'Toalha', 50),
(6, 'Colcha', 200),
(7, 'TV true color', 1200),
(8, 'Roçadeira', 800),
(9, 'Abajour', 100),
(10, 'Pendente', 180),
(11, 'Shampoo', 90),
(12, 'Produto 12', 10),
(13, 'Produto 13', 10),
(14, 'Produto 14', 10),
(15, 'Produto 15', 10),
(16, 'Produto 16', 10),
(17, 'Produto 17', 10),
(18, 'Produto 18', 10),
(19, 'Produto 19', 10),
(20, 'Produto 20', 10),
(21, 'Produto 21', 10),
(22, 'Produto 22', 10),
(23, 'Produto 23', 10),
(24, 'Produto 24', 10),
(25, 'Produto 25', 10),
(26, 'Produto 26', 10),
(27, 'Produto 27', 10),
(28, 'Produto 28', 10),
(29, 'Produto 29', 10),
(30, 'Produto 30', 10),
(31, 'Produto 31', 10),
(32, 'Produto 32', 10),
(33, 'Produto 33', 10),
(34, 'Produto 34', 10),
(35, 'Produto 35', 10),
(36, 'Produto 36', 10),
(37, 'Produto 37', 10),
(38, 'Produto 38', 10),
(39, 'Produto 39', 10),
(40, 'Produto 40', 10),
(41, 'Produto 41', 10),
(42, 'Produto 42', 10),
(43, 'Produto 43', 10),
(44, 'Produto 44', 10),
(45, 'Produto 45', 10),
(46, 'Produto 46', 10),
(47, 'Produto 47', 10),
(48, 'Produto 48', 10),
(49, 'Produto 49', 10),
(50, 'Produto 50', 10);

-- --------------------------------------------------------

--
-- Estrutura da tabela `produto_categoria`
--
DROP TABLE IF EXISTS `produto_categoria`;
CREATE  TABLE `produto_categoria` (
  `produto_id` int(11) NOT NULL,
  `categoria_id` int(11) NOT NULL
) ENGINE=InnoDB DEFAULT CHARSET=utf8mb4;

--
-- Extraindo dados da tabela `produto_categoria`
--

INSERT INTO `produto_categoria` (`produto_id`, `categoria_id`) VALUES
(1, 1),
(1, 4),
(2, 1),
(2, 2),
(2, 4),
(3, 1),
(3, 4),
(4, 2),
(5, 3),
(6, 3),
(7, 4),
(8, 5),
(9, 6),
(10, 6),
(11, 7),
(12, 1),
(13, 1),
(14, 1),
(15, 1),
(16, 1),
(17, 1),
(18, 1),
(19, 1),
(20, 1),
(21, 1),
(22, 1),
(23, 1),
(24, 1),
(25, 1),
(26, 1),
(27, 1),
(28, 1),
(29, 1),
(30, 1),
(31, 1),
(32, 1),
(33, 1),
(34, 1),
(35, 1),
(36, 1),
(37, 1),
(38, 1),
(39, 1),
(40, 1),
(41, 1),
(42, 1),
(43, 1),
(44, 1),
(45, 1),
(46, 1),
(47, 1),
(48, 1),
(49, 1),
(50, 1);

-- --------------------------------------------------------

--
-- Estrutura da tabela `telefone`
--
DROP TABLE IF EXISTS `telefone`;
CREATE  TABLE `telefone` (
  `cliente_id` int(11) NOT NULL,
  `telefones` varchar(255) DEFAULT NULL
) ENGINE=InnoDB DEFAULT CHARSET=utf8mb4;

--
-- Extraindo dados da tabela `telefone`
--

INSERT INTO `telefone` (`cliente_id`, `telefones`) VALUES
(1, '27363323'),
(1, '93838393'),
(2, '22263323'),
(2, '4448393');

--
-- Índices para tabelas despejadas
--

--
-- Índices para tabela `categoria`
--
ALTER TABLE `categoria`
  ADD PRIMARY KEY (`id`);

--
-- Índices para tabela `cidade`
--
ALTER TABLE `cidade`
  ADD PRIMARY KEY (`id`),
  ADD KEY `FKkworrwk40xj58kevvh3evi500` (`estado_id`);

--
-- Índices para tabela `cliente`
--
ALTER TABLE `cliente`
  ADD PRIMARY KEY (`id`),
  ADD UNIQUE KEY `UK_cmxo70m08n43599l3h0h07cc6` (`email`);

--
-- Índices para tabela `endereco`
--
ALTER TABLE `endereco`
  ADD PRIMARY KEY (`id`),
  ADD KEY `FK8b1kcb3wucapb8dejshyn5fsx` (`cidade_id`),
  ADD KEY `FK8s7ivtl4foyhrfam9xqom73n9` (`cliente_id`);

--
-- Índices para tabela `estado`
--
ALTER TABLE `estado`
  ADD PRIMARY KEY (`id`);

--
-- Índices para tabela `item_pedido`
--
ALTER TABLE `item_pedido`
  ADD PRIMARY KEY (`pedido_id`,`produto_id`),
  ADD KEY `FKtk55mn6d6bvl5h0no5uagi3sf` (`produto_id`);

--
-- Índices para tabela `pagamento`
--
ALTER TABLE `pagamento`
  ADD PRIMARY KEY (`pedido_id`);

--
-- Índices para tabela `pagamento_com_boleto`
--
ALTER TABLE `pagamento_com_boleto`
  ADD PRIMARY KEY (`pedido_id`);

--
-- Índices para tabela `pagamento_com_cartao`
--
ALTER TABLE `pagamento_com_cartao`
  ADD PRIMARY KEY (`pedido_id`);

--
-- Índices para tabela `pedido`
--
ALTER TABLE `pedido`
  ADD PRIMARY KEY (`id`),
  ADD KEY `FK30s8j2ktpay6of18lbyqn3632` (`cliente_id`),
  ADD KEY `FK1fihyy2fnocpuwc74674qmfkv` (`endereco_de_entrega_id`);

--
-- Índices para tabela `perfis`
--
ALTER TABLE `perfis`
  ADD KEY `FKsobr8hl9guwr8775lyl1mncg2` (`cliente_id`);

--
-- Índices para tabela `produto`
--
ALTER TABLE `produto`
  ADD PRIMARY KEY (`id`);

--
-- Índices para tabela `produto_categoria`
--
ALTER TABLE `produto_categoria`
  ADD KEY `FKq3g33tp7xk2juh53fbw6y4y57` (`categoria_id`),
  ADD KEY `FK1c0y58d3n6x3m6euv2j3h64vt` (`produto_id`);

--
-- Índices para tabela `telefone`
--
ALTER TABLE `telefone`
  ADD KEY `FK8aafha0njkoyoe3kvrwsy3g8u` (`cliente_id`);

--
-- AUTO_INCREMENT de tabelas despejadas
--

--
-- AUTO_INCREMENT de tabela `categoria`
--
ALTER TABLE `categoria`
  MODIFY `id` int(11) NOT NULL AUTO_INCREMENT, AUTO_INCREMENT=8;

--
-- AUTO_INCREMENT de tabela `cidade`
--
ALTER TABLE `cidade`
  MODIFY `id` int(11) NOT NULL AUTO_INCREMENT, AUTO_INCREMENT=4;

--
-- AUTO_INCREMENT de tabela `cliente`
--
ALTER TABLE `cliente`
  MODIFY `id` int(11) NOT NULL AUTO_INCREMENT, AUTO_INCREMENT=3;

--
-- AUTO_INCREMENT de tabela `endereco`
--
ALTER TABLE `endereco`
  MODIFY `id` int(11) NOT NULL AUTO_INCREMENT, AUTO_INCREMENT=4;

--
-- AUTO_INCREMENT de tabela `estado`
--
ALTER TABLE `estado`
  MODIFY `id` int(11) NOT NULL AUTO_INCREMENT, AUTO_INCREMENT=3;

--
-- AUTO_INCREMENT de tabela `pedido`
--
ALTER TABLE `pedido`
  MODIFY `id` int(11) NOT NULL AUTO_INCREMENT, AUTO_INCREMENT=3;

--
-- AUTO_INCREMENT de tabela `produto`
--
ALTER TABLE `produto`
  MODIFY `id` int(11) NOT NULL AUTO_INCREMENT, AUTO_INCREMENT=51;

--
-- Restrições para despejos de tabelas
--

--
-- Limitadores para a tabela `cidade`
--
ALTER TABLE `cidade`
  ADD CONSTRAINT `FKkworrwk40xj58kevvh3evi500` FOREIGN KEY (`estado_id`) REFERENCES `estado` (`id`);

--
-- Limitadores para a tabela `endereco`
--
ALTER TABLE `endereco`
  ADD CONSTRAINT `FK8b1kcb3wucapb8dejshyn5fsx` FOREIGN KEY (`cidade_id`) REFERENCES `cidade` (`id`),
  ADD CONSTRAINT `FK8s7ivtl4foyhrfam9xqom73n9` FOREIGN KEY (`cliente_id`) REFERENCES `cliente` (`id`);

--
-- Limitadores para a tabela `item_pedido`
--
ALTER TABLE `item_pedido`
  ADD CONSTRAINT `FK60ym08cfoysa17wrn1swyiuda` FOREIGN KEY (`pedido_id`) REFERENCES `pedido` (`id`),
  ADD CONSTRAINT `FKtk55mn6d6bvl5h0no5uagi3sf` FOREIGN KEY (`produto_id`) REFERENCES `produto` (`id`);

--
-- Limitadores para a tabela `pagamento`
--
ALTER TABLE `pagamento`
  ADD CONSTRAINT `FKthad9tkw4188hb3qo1lm5ueb0` FOREIGN KEY (`pedido_id`) REFERENCES `pedido` (`id`);

--
-- Limitadores para a tabela `pagamento_com_boleto`
--
ALTER TABLE `pagamento_com_boleto`
  ADD CONSTRAINT `FKcr74vrxf8nfph0knq2bho8doo` FOREIGN KEY (`pedido_id`) REFERENCES `pagamento` (`pedido_id`);

--
-- Limitadores para a tabela `pagamento_com_cartao`
--
ALTER TABLE `pagamento_com_cartao`
  ADD CONSTRAINT `FKta3cdnuuxclwfh52t4qi432ow` FOREIGN KEY (`pedido_id`) REFERENCES `pagamento` (`pedido_id`);

--
-- Limitadores para a tabela `pedido`
--
ALTER TABLE `pedido`
  ADD CONSTRAINT `FK1fihyy2fnocpuwc74674qmfkv` FOREIGN KEY (`endereco_de_entrega_id`) REFERENCES `endereco` (`id`),
  ADD CONSTRAINT `FK30s8j2ktpay6of18lbyqn3632` FOREIGN KEY (`cliente_id`) REFERENCES `cliente` (`id`);

--
-- Limitadores para a tabela `perfis`
--
ALTER TABLE `perfis`
  ADD CONSTRAINT `FKsobr8hl9guwr8775lyl1mncg2` FOREIGN KEY (`cliente_id`) REFERENCES `cliente` (`id`);

--
-- Limitadores para a tabela `produto_categoria`
--
ALTER TABLE `produto_categoria`
  ADD CONSTRAINT `FK1c0y58d3n6x3m6euv2j3h64vt` FOREIGN KEY (`produto_id`) REFERENCES `produto` (`id`),
  ADD CONSTRAINT `FKq3g33tp7xk2juh53fbw6y4y57` FOREIGN KEY (`categoria_id`) REFERENCES `categoria` (`id`);

--
-- Limitadores para a tabela `telefone`
--
ALTER TABLE `telefone`
  ADD CONSTRAINT `FK8aafha0njkoyoe3kvrwsy3g8u` FOREIGN KEY (`cliente_id`) REFERENCES `cliente` (`id`);
COMMIT;

/*!40101 SET CHARACTER_SET_CLIENT=@OLD_CHARACTER_SET_CLIENT */;
/*!40101 SET CHARACTER_SET_RESULTS=@OLD_CHARACTER_SET_RESULTS */;
/*!40101 SET COLLATION_CONNECTION=@OLD_COLLATION_CONNECTION */;
